date,daily_excess_return,cumulative_excess_return
2022-01-04,0.004574596881866455,0.004574596881866455
2022-01-05,0.0028390988917115336,0.007413695773577989
2022-01-06,0.0036850077503137848,0.011098703523891773
2022-01-07,-0.0030719283548726497,0.008026775169019123
2022-01-10,-0.003103147638314687,0.004923627530704437
2022-01-11,0.0005750160612151253,0.005498643591919562
2022-01-12,0.008777650946230484,0.014276294538150047
2022-01-13,0.0003306517004288711,0.014606946238578918
2022-01-14,0.007977211668077628,0.022584157906656546
2022-01-17,0.005310482064635133,0.027894639971291678
2022-01-18,-0.0032269356854450993,0.024667704285846578
2022-01-19,-0.0031597996315078504,0.021507904654338727
2022-01-20,-0.008034429355895469,0.013473475298443258
2022-01-21,-0.0008237864683202839,0.012649688830122975
2022-01-24,0.004281164598025411,0.016930853428148387
2022-01-25,-0.0012463002089150197,0.015684553219233368
2022-01-26,-0.008642895256517439,0.007041657962715929
2022-01-27,-0.006449108251517815,0.0005925497111981147
2022-01-28,0.004415368315031198,0.005007918026229313
2022-02-07,-0.0018581028797329982,0.003149815146496315
2022-02-08,0.0023305126178284497,0.005480327764324765
2022-02-09,0.00019520442841640273,0.005675532192741168
2022-02-10,-0.0004331944063098749,0.005242337786431293
2022-02-11,-0.010552494908718667,-0.005310157122287374
2022-02-14,-0.0021417995892949225,-0.007451956711582297
2022-02-15,0.01681366704869002,0.009361710337107726
2022-02-16,-0.002356773941182003,0.0070049363959257226
2022-02-17,0.000876004513360768,0.007880940909286491
2022-02-18,-0.002886524425217198,0.004994416484069293
2022-02-21,0.006520408597798033,0.011514825081867327
2022-02-22,0.00039345720540737356,0.0119082822872747
2022-02-23,0.003274021416723176,0.015182303703997875
2022-02-24,-0.00498509640842172,0.010197207295576155
2022-02-25,7.827497311640563e-05,0.01027548226869256
2022-02-28,-0.005537569500732626,0.004737912767959934
2022-03-01,-0.0008727825539582828,0.003865130214001651
2022-03-02,0.004209415369629994,0.008074545583631645
2022-03-03,-0.0005416832724945248,0.007532862311137121
2022-03-04,0.0073034047002180314,0.014836267011355153
2022-03-07,-0.0002745376408222483,0.014561729370532905
2022-03-08,-0.009445298936121697,0.005116430434411208
2022-03-09,-0.006509699503457991,-0.001393269069046783
2022-03-10,0.0017738192642305225,0.0003805501951837395
2022-03-11,0.013772831294855101,0.01415338149003884
2022-03-14,0.005439213524510817,0.019592595014549657
2022-03-15,-0.007350123067138004,0.012242471947411654
2022-03-16,-0.009827820404878286,0.0024146515425333675
2022-03-17,0.0032635868107336805,0.005678238353267048
2022-03-18,0.0027434204612843995,0.008421658814551447
2022-03-21,-0.0017526309509793836,0.006669027863572064
2022-03-22,0.002211248389313035,0.008880276252885098
2022-03-23,0.0011881323867910987,0.010068408639676197
2022-03-24,-0.004435959198786515,0.005632449440889682
2022-03-25,0.002998230404064325,0.008630679844954007
2022-03-28,0.003831470328225799,0.012462150173179806
2022-03-29,-0.007837428218366405,0.0046247219548134
2022-03-30,0.0022125631227904187,0.0068372850776038194
2022-03-31,-0.0027152588382689624,0.004122026239334857
2022-04-01,-0.0035457284680867674,0.0005762977712480892
2022-04-06,-0.004193015125281976,-0.003616717354033887
2022-04-07,-0.00557236311721741,-0.009189080471251297
2022-04-08,-0.004054373810511072,-0.013243454281762369
2022-04-11,-0.01042678066928958,-0.02367023495105195
2022-04-12,0.0028671711910121384,-0.020803063760039812
2022-04-13,-0.007061246012084356,-0.027864309772124167
2022-04-14,0.0007677874691340891,-0.02709652230299008
2022-04-15,0.0038963949039578444,-0.023200127399032235
2022-04-18,0.02039153116024211,-0.0028085962387901266
2022-04-19,-0.0029145898484498637,-0.00572318608723999
2022-04-20,0.0017847789386933554,-0.003938407148546635
2022-04-21,-0.016896173942332296,-0.02083458109087893
2022-04-22,-0.012952828937994735,-0.033787410028873664
2022-04-25,-0.016651242533745492,-0.05043865256261916
2022-04-26,-0.013695760662535217,-0.06413441322515438
2022-04-27,0.01431942812174797,-0.049814985103406415
2022-04-28,-0.006567964899167476,-0.05638295000257389
2022-04-29,0.01629659779157134,-0.04008635221100255
2022-05-05,0.015495825467315184,-0.024590526743687363
2022-05-06,0.007398970221964021,-0.017191556521723342
2022-05-09,0.008967226538332897,-0.008224329983390444
2022-05-10,0.007029271962122723,-0.0011950580212677217
2022-05-11,0.004609319634124617,0.0034142616128568955
2022-05-12,0.005526849484417954,0.00894111109727485
2022-05-13,-0.004545302605895723,0.004395808491379127
2022-05-16,0.002948044363205728,0.007343852854584855
2022-05-17,-0.003664901259143481,0.003678951595441374
2022-05-18,0.006865861086280218,0.010544812681721593
2022-05-19,0.0030223533058203354,0.01356716598754193
2022-05-20,-0.0016414322537044658,0.011925733733837464
2022-05-23,0.003926126923270145,0.015851860657107607
2022-05-24,0.0006272145226716944,0.016479075179779302
2022-05-25,0.00040647975770444846,0.01688555493748375
2022-05-26,0.0036509485269936894,0.02053650346447744
2022-05-27,-0.0015895455494045136,0.018946957915072928
2022-05-30,0.000921211228408101,0.019868169143481027
2022-05-31,0.005405841331247622,0.02527401047472865
2022-06-01,0.0022377112194151587,0.027511721694143808
2022-06-02,0.002697221524377044,0.030208943218520853
2022-06-06,-0.0048892507359225386,0.025319692482598313
2022-06-07,-0.0023311109069530534,0.02298858157564526
2022-06-08,-0.0018011455864896887,0.021187435989155574
2022-06-09,0.005550848750953927,0.026738284740109503
2022-06-10,-0.0015307823259922129,0.02520750241411729
2022-06-13,0.0026794386691418714,0.027886941083259162
2022-06-14,0.003688991559126445,0.031575932642385604
2022-06-15,0.0060994724816618145,0.03767540512404742
2022-06-16,-0.0005680896851933503,0.03710731543885407
2022-06-17,-0.009426690196326352,0.02768062524252772
2022-06-20,-0.0024277065370213327,0.02525291870550639
2022-06-21,-0.0016404798209290346,0.023612438884577355
2022-06-22,0.00046920712079085797,0.024081646005368215
2022-06-23,-0.004072142623205924,0.02000950338216229
2022-06-24,-0.004555517818922392,0.015453985563239897
2022-06-27,-0.005063508261435159,0.01039047730180474
2022-06-28,0.0008566819582914853,0.011247159260096225
2022-06-29,0.006814821361793213,0.018061980621889438
2022-06-30,-0.008787485141860818,0.00927449548002862
2022-07-01,0.0004745961696773817,0.009749091649706002
2022-07-04,-0.0012941940732462973,0.008454897576459706
2022-07-05,0.0006921057635228098,0.009147003339982515
2022-07-06,0.002305791123557265,0.01145279446353978
2022-07-07,-0.005381361398541165,0.006071433064998615
2022-07-08,0.005556481939199294,0.011627915004197908
2022-07-11,0.004215830443673426,0.015843745447871337
2022-07-12,-0.0030048842237606526,0.012838861224110685
2022-07-13,-0.0021142249585577927,0.010724636265552891
2022-07-14,0.0014868346442737594,0.01221147090982665
2022-07-15,0.003159722938875802,0.015371193848702452
2022-07-18,5.963727834904973e-05,0.015430831127051502
2022-07-19,0.007900280620634451,0.023331111747685953
2022-07-20,-0.0007767921533427983,0.022554319594343154
2022-07-21,0.001586752952609089,0.024141072546952243
2022-07-22,-0.0037200528012852753,0.020421019745666968
2022-07-25,0.0007988141654071536,0.021219833911074123
2022-07-26,0.0015184441778728578,0.022738278088946982
2022-07-27,-0.0008281783950214658,0.021910099693925517
2022-07-28,0.0008893725294695913,0.02279947222339511
2022-07-29,-0.005339140536273053,0.017460331687122056
2022-08-01,0.0031729454519356984,0.020633277139057753
2022-08-02,-0.008175832507270503,0.01245744463178725
2022-08-03,0.006319322577283787,0.018776767209071038
2022-08-04,0.0015001037395111997,0.020276870948582236
2022-08-05,0.00790757481436815,0.028184445762950386
2022-08-08,0.00434775845696623,0.032532204219916615
2022-08-09,-0.005272215829662449,0.027259988390254165
2022-08-10,0.0003959396880871751,0.02765592807834134
2022-08-11,0.007851104752434869,0.035507032830776206
2022-08-12,0.00273489049010774,0.03824192332088395
2022-08-15,-0.006497598755547759,0.03174432456533619
2022-08-16,0.0013467069183207936,0.03309103148365698
2022-08-17,-0.0010797000751516445,0.03201133140850534
2022-08-18,-0.0009449103536382415,0.031066421054867097
2022-08-19,0.003119036991606501,0.0341854580464736
2022-08-22,0.0003983769767625493,0.03458383502323615
2022-08-23,-0.001109000661257204,0.03347483436197895
2022-08-24,0.0019220944477677693,0.035396928809746715
2022-08-25,0.00209759449294121,0.037494523302687925
2022-08-26,0.0006321898499549398,0.03812671315264286
2022-08-29,0.002373992585508767,0.04050070573815163
2022-08-30,0.00017371574739478927,0.04067442148554642
2022-08-31,-0.008335744348696975,0.032338677136849445
2022-09-01,-0.00023536405105317512,0.03210331308579627
2022-09-02,0.004422747063782178,0.036526060149578446
2022-09-05,-0.002087877023648157,0.03443818312593029
2022-09-06,0.009741749821173358,0.04417993294710365
2022-09-07,0.007860348405627403,0.05204028135273105
2022-09-08,-0.0010481607935356363,0.050992120559195414
2022-09-09,-0.005566300825326498,0.045425819733868916
2022-09-13,-0.0005204416234491218,0.044905378110419794
2022-09-14,-4.679277074274871e-05,0.04485858533967704
2022-09-15,0.003131545819514962,0.047990131159192005
2022-09-16,-0.0032684485254776525,0.04472168263371435
2022-09-19,-0.004996578358129407,0.03972510427558494
2022-09-20,0.005574261912917286,0.04529936618850223
2022-09-21,0.00375022440078669,0.04904959058928892
2022-09-22,0.001642246403318943,0.05069183699260786
2022-09-23,-0.0056500372490652555,0.0450417997435426
2022-09-26,-0.0064946080607217625,0.03854719168282084
2022-09-27,0.01043097978627664,0.048978171469097484
2022-09-28,-0.006176673085555491,0.04280149838354199
2022-09-29,-0.0029137791868554096,0.03988771919668658
2022-09-30,0.0007756775307507039,0.04066339672743728
2022-10-10,-0.0053431954816211226,0.03532020124581616
2022-10-11,-0.0022055206253961774,0.03311468062041999
2022-10-12,0.012352291342551865,0.04546697196297185
2022-10-13,0.007361144998055331,0.05282811696102718
2022-10-14,0.01111900029861834,0.06394711725964553
2022-10-17,0.008205263622292618,0.07215238088193815
2022-10-18,-0.002455226095684458,0.06969715478625368
2022-10-19,0.0029762248576905223,0.07267337964394421
2022-10-20,0.009374346173517309,0.08204772581746152
2022-10-21,0.001070505412900679,0.0831182312303622
2022-10-24,0.007131473168592819,0.09024970439895502
2022-10-25,0.0012288978158922427,0.09147860221484727
2022-10-26,0.00892700693772722,0.10040560915257449
2022-10-27,0.0069334024800388055,0.1073390116326133
2022-10-28,-0.004142131891355881,0.10319687974125741
2022-10-31,0.001506730192429372,0.10470360993368678
2022-11-01,0.009161568338381642,0.11386517827206842
2022-11-02,0.015239277302107604,0.12910445557417602
2022-11-03,0.005690098102260075,0.13479455367643609
2022-11-04,0.003499595390051199,0.1382941490664873
2022-11-07,0.0023073772824074665,0.14060152634889475
2022-11-08,-0.00036184639406510724,0.14023967995482964
2022-11-09,0.001767658281612713,0.14200733823644235
2022-11-10,0.00011891368938934504,0.1421262519258317
2022-11-11,-0.005389540755996111,0.1367367111698356
2022-11-14,0.0009214657387935983,0.1376581769086292
2022-11-15,0.007160277902357554,0.14481845481098674
2022-11-16,2.2341059290408922e-05,0.14484079587027715
2022-11-17,0.003726413603341612,0.14856720947361876
2022-11-18,-0.0058186833584726524,0.1427485261151461
2022-11-21,0.0044515033748243555,0.14720002948997046
2022-11-22,0.005724583658087422,0.1529246131480579
2022-11-23,0.005366201887809753,0.15829081503586764
2022-11-24,0.002161168778857973,0.1604519838147256
2022-11-25,-0.0032205741344711967,0.15723140968025442
2022-11-28,0.0017277547531305685,0.15895916443338498
2022-11-29,-0.008552008820519024,0.15040715561286597
2022-11-30,0.00033489067582046655,0.15074204628868643
2022-12-01,0.0038828426103527445,0.15462488889903916
2022-12-02,0.0007988295437165332,0.1554237184427557
2022-12-05,-0.0041826040748444955,0.1512411143679112
2022-12-06,0.0014449713979393145,0.15268608576585052
2022-12-07,-0.001955454684547713,0.1507306310813028
2022-12-08,-9.362903192482115e-05,0.150637002049378
2022-12-09,-0.00520850412901291,0.14542849792036508
2022-12-12,0.0012368392674601454,0.14666533718782523
2022-12-13,0.00376355845127884,0.15042889563910408
2022-12-14,-0.0010876658796908027,0.14934122975941327
2022-12-15,-0.004478907240701809,0.14486232251871148
2022-12-16,0.002456599147129911,0.1473189216658414
2022-12-19,-0.004134630388227802,0.1431842912776136
2022-12-20,0.006692629898278761,0.14987692117589235
2022-12-21,-0.004965746780246304,0.14491117439564605
2022-12-22,-0.004257341155536854,0.1406538332401092
2022-12-23,0.0017942566250032644,0.14244808986511245
2022-12-26,0.004518159569309293,0.14696624943442174
2022-12-27,0.00017508680364653034,0.14714133623806827
2022-12-28,-0.003417183995943081,0.1437241522421252
2022-12-29,-0.0008166696239491389,0.14290748261817607
2022-12-30,-0.0060286242580717304,0.13687885836010433
2023-01-03,0.006003214143726972,0.1428820725038313
2023-01-04,-0.0028138930767996144,0.1400681794270317
2023-01-05,-0.006644730888042532,0.13342344853898916
2023-01-06,0.0015779307548152248,0.13500137929380437
2023-01-09,-0.002575758558952306,0.13242562073485206
2023-01-10,-0.001972794849256183,0.13045282588559587
2023-01-11,-0.0006904803573685523,0.12976234552822732
2023-01-12,-0.0008892757194709686,0.12887306980875635
2023-01-13,-0.0024757797098202794,0.12639729009893608
2023-01-16,-0.0008938292191308215,0.12550346087980527
2023-01-17,0.001974602701961693,0.12747806358176697
2023-01-18,0.002791201473828727,0.1302692650555957
2023-01-19,0.0006854452641324728,0.13095471031972816
2023-01-20,0.002890804863711678,0.13384551518343984
2023-01-30,0.0019121859339394551,0.1357577011173793
2023-01-31,0.006584836950082558,0.14234253806746186
2023-02-01,0.00042015577355780095,0.14276269384101967
2023-02-02,0.003961323742868965,0.14672401758388864
2023-02-03,0.001558214758264041,0.14828223234215268
2023-02-06,0.006152699915754064,0.15443493225790675
2023-02-07,0.0005746182520419138,0.15500955050994866
2023-02-08,0.001057062733454037,0.1560666132434027
2023-02-09,-0.002014669067142892,0.1540519441762598
2023-02-10,0.0004233281173790563,0.15447527229363886
2023-02-13,-0.0025444530201220463,0.15193081927351682
2023-02-14,-0.0009993853334070392,0.15093143394010977
2023-02-15,-0.0008329676858667797,0.150098466254243
2023-02-16,-0.002285234872842941,0.14781323138140007
2023-02-17,0.005751202422620262,0.15356443380402032
2023-02-20,-0.00807762328850507,0.14548681051551526
2023-02-21,0.003847061678151293,0.14933387219366656
2023-02-22,0.0015371941326275695,0.15087106632629413
2023-02-23,0.0018617484771355072,0.15273281480342962
2023-02-24,0.003090559515541156,0.15582337431897078
2023-02-27,0.000701155458206399,0.15652452977717718
2023-02-28,0.0003164959052074298,0.15684102568238462
2023-03-01,-0.0036903427468342994,0.15315068293555031
2023-03-02,0.0014126720301531658,0.15456335496570348
2023-03-03,0.001642740268667392,0.15620609523437087
2023-03-06,0.0031264497376829107,0.1593325449720538
2023-03-07,-0.0022847663506965657,0.15704777862135721
2023-03-08,0.0021988339693942527,0.15924661259075146
2023-03-09,-0.0004440122299476551,0.1588026003608038
2023-03-10,-0.0001253765903934053,0.15867722377041038
2023-03-13,-0.005864293095454281,0.1528129306749561
2023-03-14,-0.0032003169064176258,0.1496126137685385
2023-03-15,0.001796192860567176,0.15140880662910566
2023-03-16,-0.00450024889614691,0.14690855773295874
2023-03-17,-0.008777327370994315,0.13813123036196442
2023-03-20,0.004322767977172331,0.14245399833913674
2023-03-21,0.004013957758667586,0.14646795609780433
2023-03-22,-0.0034456917574699287,0.1430222643403344
2023-03-23,-0.008957427606799724,0.1340648367335347
2023-03-24,0.0031773212978296853,0.1372421580313644
2023-03-27,0.004226812945594132,0.1414689709769585
2023-03-28,0.001992480809103654,0.14346145178606218
2023-03-29,-0.0019031890851465712,0.1415582627009156
2023-03-30,0.0031354866405043508,0.14469374934141993
2023-03-31,-0.010738970507705949,0.13395477883371398
2023-04-03,0.00471796920189519,0.13867274803560917
2023-04-04,-0.0062401286815870856,0.1324326193540221
2023-04-06,0.0008165990646470713,0.13324921841866916
2023-04-07,0.0031755302268264463,0.1364247486454956
2023-04-10,0.004353890551016728,0.14077863919651235
2023-04-11,0.004051110400662285,0.14482974959717462
2023-04-12,-0.003480357263303184,0.14134939233387145
2023-04-13,0.005621055060631489,0.14697044739450293
2023-04-14,-0.0008701787571971494,0.1461002686373058
2023-04-17,0.0015470032779471162,0.14764727191525293
2023-04-18,0.0032494493367710518,0.15089672125202397
2023-04-19,-0.0014310556415518803,0.1494656656104721
2023-04-20,-0.006033336165208293,0.1434323294452638
2023-04-21,0.000728555623283254,0.14416088506854705
2023-04-24,-0.0033348072831949453,0.1408260777853521
2023-04-25,-0.007858203712269468,0.13296787407308264
2023-04-26,0.008743715041811404,0.14171158911489404
2023-04-27,0.00043948696573032167,0.14215107608062436
2023-04-28,0.0006506527664167123,0.14280172884704107
2023-05-04,-0.006460577194121852,0.1363411516529192
2023-05-05,-0.00417173938820134,0.13216941226471787
2023-05-08,-0.009373952018461952,0.12279546024625593
2023-05-09,-0.0013115258766977353,0.12148393436955819
2023-05-10,0.01414024297159167,0.13562417734114987
2023-05-11,0.001392052578596554,0.13701622991974644
2023-05-12,-0.0008514560214510121,0.13616477389829543
2023-05-15,0.005668792422416107,0.14183356632071153
2023-05-16,0.0013666159107027268,0.14320018223141426
2023-05-17,-0.0003646195833781592,0.1428355626480361
2023-05-18,0.0009070947241748078,0.1437426573722109
2023-05-19,0.0030699511618055195,0.14681260853401643
2023-05-22,-0.0001650955982725867,0.14664751293574385
2023-05-23,-0.00019148105594705926,0.1464560318797968
2023-05-24,-0.0025515030464020806,0.14390452883339472
2023-05-25,-0.001567658905495268,0.14233686992789946
2023-05-26,-0.001492344452860668,0.14084452547503878
2023-05-29,0.0013819097423184293,0.1422264352173572
2023-05-30,0.005083675081417914,0.1473101102987751
2023-05-31,0.0008961713426028459,0.14820628164137795
2023-06-01,0.0076401416229736185,0.15584642326435155
2023-06-02,0.005295051238408306,0.16114147450275987
2023-06-05,-0.003929822720493193,0.15721165178226668
2023-06-06,-0.0006159056319887197,0.15659574615027796
2023-06-07,-0.002038192126199479,0.15455755402407848
2023-06-08,-0.007333522198270076,0.1472240318258084
2023-06-09,0.0027221570681544393,0.14994618889396283
2023-06-12,0.006552771213663464,0.1564989601076263
2023-06-13,-0.0009948089870584708,0.1555041511205678
2023-06-14,0.0002229648296803645,0.15572711595024818
2023-06-15,0.003429133116108827,0.159156249066357
2023-06-16,-2.86946351430039e-05,0.15912755443121399
2023-06-19,0.0004456612554310894,0.15957321568664506
2023-06-20,-0.0010265024834500876,0.15854671320319497
2023-06-21,-0.0008389947929765579,0.1577077184102184
2023-06-26,0.001648088892212611,0.159355807302431
2023-06-27,0.0022484068281442594,0.16160421413057527
2023-06-28,0.002599729047005188,0.16420394317758047
2023-06-29,0.00018869975778898506,0.16439264293536945
2023-06-30,0.007939992308599276,0.17233263524396872
2023-07-03,0.0013234830505821048,0.17365611829455083
2023-07-04,0.005847518903827016,0.17950363719837784
2023-07-05,0.0007199026740079433,0.1802235398723858
2023-07-06,-0.0013904001498285248,0.17883313972255727
2023-07-07,0.0017342494606196743,0.18056738918317694
2023-07-10,0.006565593843548026,0.18713298302672496
2023-07-11,-0.003504261125245305,0.18362872190147966
2023-07-12,0.0013069208041144348,0.1849356427055941
2023-07-13,0.0010125753770569659,0.18594821808265105
2023-07-14,0.0009647540265264636,0.1869129721091775
2023-07-17,0.004053603060173007,0.1909665751693505
2023-07-18,0.001614067095234379,0.19258064226458488
2023-07-19,0.0010716424762802974,0.19365228474086518
2023-07-20,-0.0015678488421201223,0.19208443589874505
2023-07-21,0.0009415693861834622,0.1930260052849285
2023-07-24,5.621698589759145e-05,0.19308222227082608
2023-07-25,0.0012599767858847827,0.19434219905671085
2023-07-26,-0.003081823352057379,0.19126037570465348
2023-07-27,-0.004099186335908861,0.18716118936874462
2023-07-28,0.0018509350732991772,0.1890121244420438
2023-07-31,0.005061195050396794,0.19407331949244058
2023-08-01,0.0010205608109394395,0.19509388030338
2023-08-02,-0.0015515807454664734,0.19354229955791355
2023-08-03,-0.0019170052563078537,0.1916252943016057
2023-08-04,0.0015086989663180232,0.19313399326792371
2023-08-07,0.0005960926654223312,0.19373008593334604
2023-08-08,-0.001368942883727987,0.19236114304961804
2023-08-09,0.001111902717789589,0.19347304576740762
2023-08-10,0.0027602943953021065,0.1962333401627097
2023-08-11,0.0020830947582591943,0.1983164349209689
2023-08-14,0.0013292546817737787,0.19964568960274268
2023-08-15,-0.009187348459783745,0.19045834114295893
2023-08-16,-0.0006751016900942334,0.18978323945286468
2023-08-17,0.002602423169250964,0.19238566262211565
2023-08-18,-0.004268943084394716,0.18811671953772094
2023-08-21,-0.001286683463332908,0.18683003607438803
2023-08-22,-0.00510122066792489,0.18172881540646313
2023-08-23,-0.008677719036980131,0.173051096369483
2023-08-24,0.005469074160809801,0.1785201705302928
2023-08-25,-0.009556212170641133,0.16896395835965167
2023-08-28,-0.0035791214802872854,0.1653848368793644
2023-08-29,0.010392313912704452,0.17577715079206885
2023-08-30,0.004759338299257711,0.18053648909132655
2023-08-31,-0.0003073617476417916,0.18022912734368476
2023-09-01,-0.002738047800887635,0.17749107954279714
2023-09-04,0.0009149271740258109,0.17840600671682294
2023-09-05,0.0018338830797175734,0.18023988979654051
2023-09-06,-0.0007735858326245488,0.17946630396391597
2023-09-07,-0.005683600222417896,0.17378270374149807
2023-09-08,-0.005670992845342325,0.16811171089615573
2023-09-11,0.005650495842647992,0.17376220673880372
2023-09-12,0.0023172611499500916,0.1760794678887538
2023-09-13,-0.005669094865453947,0.17041037302329987
2023-09-14,-0.005729768854080368,0.1646806041692195
2023-09-15,-6.0126189937356235e-05,0.16462047797928214
2023-09-18,0.003295546348157459,0.1679160243274396
2023-09-19,-0.008781572013663416,0.15913445231377618
2023-09-20,-0.004569983251628564,0.15456446906214763
2023-09-21,0.0007232046153641043,0.15528767367751173
2023-09-22,0.0067149920093309435,0.16200266568684268
2023-09-25,-0.005394712470854701,0.15660795321598797
2023-09-26,0.002162006882021144,0.15876996009800912
2023-09-27,0.00870788414531404,0.16747784424332315
2023-09-28,0.0018705380836851963,0.16934838232700836
2023-10-09,-0.003211375529025865,0.1661370067979825
2023-10-10,0.003258218382427012,0.1693952251804095
2023-10-11,-0.002345004894699396,0.1670502202857101
2023-10-12,0.007055616488490412,0.1741058367742005
2023-10-13,-0.00418531104099143,0.16992052573320907
2023-10-16,-0.0036810433829640847,0.166239482350245
2023-10-17,-0.004827094720109327,0.16141238763013566
2023-10-18,-0.007040037414672537,0.1543723502154631
2023-10-19,0.0039829826143889455,0.15835533282985206
2023-10-20,0.004517731700318574,0.16287306453017064
2023-10-23,-0.008212168449638128,0.15466089608053252
2023-10-24,0.005344382822577919,0.16000527890311045
2023-10-25,-0.0020419074593014857,0.15796337144380895
2023-10-26,-0.004443584335794698,0.15351978710801426
2023-10-27,0.004401483757268233,0.1579212708652825
2023-10-30,0.0002728061306467702,0.15819407699592924
2023-10-31,-0.0012760046427566251,0.15691807235317262
2023-11-01,-0.0014023261620134178,0.1555157461911592
2023-11-02,-0.004289690480328541,0.15122605571083067
2023-11-03,0.003910905188964992,0.15513696089979567
2023-11-06,0.00448915444984188,0.15962611534963755
2023-11-07,0.0006049934876628507,0.1602311088373004
2023-11-08,0.00015800176544222047,0.16038911060274263
2023-11-09,0.0034940929324706093,0.16388320353521324
2023-11-10,-0.00022664882578413202,0.1636565547094291
2023-11-13,-5.642470493283884e-06,0.16365091223893583
2023-11-14,0.0027475591893085277,0.16639847142824435
2023-11-15,0.0006697545048640599,0.1670682259331084
2023-11-16,-0.004032057416528744,0.16303616851657968
2023-11-17,0.00020046630983545262,0.16323663482641512
2023-11-20,-0.0007764295566078227,0.1624602052698073
2023-11-21,-0.0037740248205657603,0.15868618044924154
2023-11-22,-0.006723756558598904,0.15196242389064263
2023-11-23,0.0014714628858670837,0.1534338867765097
2023-11-24,-0.004397793946980579,0.14903609282952912
2023-11-27,-0.0034294917366962875,0.14560660109283283
2023-11-28,0.001552040161994713,0.14715864125482753
2023-11-29,-0.004397969295080032,0.14276067195974748
2023-11-30,-0.00810562477800987,0.1346550471817376
2023-12-01,0.002951571365221293,0.13760661854695888
2023-12-04,-0.0050849112317337035,0.13252170731522517
2023-12-05,-0.0014475595286497925,0.13107414778657536
2023-12-06,0.0075228003496401125,0.13859694813621548
2023-12-07,-0.003422784901934031,0.13517416323428144
2023-12-08,0.00017117119877740935,0.13534533443305885
2023-12-11,-0.004437727707936031,0.13090760672512283
2023-12-12,3.707710652881577e-05,0.13094468383165164
2023-12-13,-0.0075965789958734155,0.12334810483577822
2023-12-14,0.0004228179305519629,0.12377092276633019
2023-12-15,0.004678911187712937,0.12844983395404314
2023-12-18,-0.010418804918916471,0.11803102903512666
2023-12-19,0.002061023989372879,0.12009205302449955
2023-12-20,-0.0032001637981389263,0.11689188922636062
2023-12-21,0.009533571622624908,0.12642546084898554
2023-12-22,0.0039429176691064384,0.13036837851809197
2023-12-25,0.0028413685238507123,0.1332097470419427
2023-12-26,-0.0019881576758942936,0.13122158936604839
2023-12-27,-0.005690649102295057,0.12553094026375333
2023-12-28,0.017485810580561104,0.14301675084431442
2023-12-29,-0.003092215793608674,0.13992453505070573
2024-01-02,-0.0029827407718437055,0.13694179427886202
2024-01-03,-0.0005679328965999712,0.13637386138226204
2024-01-04,-0.005408102100304108,0.13096575928195794
2024-01-05,-0.0023935095805422447,0.1285722497014157
2024-01-08,-0.007638128746628275,0.12093412095478742
2024-01-09,0.002168541021577791,0.12310266197636521
2024-01-10,4.678731037737065e-05,0.12314944928674258
2024-01-11,0.012557687239740233,0.1357071365264828
2024-01-12,-0.008772780719539719,0.1269343558069431
2024-01-15,-0.00340574800784645,0.12352860779909665
2024-01-16,-0.004990419918586854,0.1185381878805098
2024-01-17,-0.003939057425804569,0.11459913045470523
2024-01-18,0.003508775864680717,0.11810790631938595
2024-01-19,-0.002411073952070939,0.11569683236731501
2024-01-22,-0.01540311170636027,0.10029372066095474
2024-01-23,0.007785235939499455,0.10807895660045419
2024-01-24,-0.0014116524746394948,0.1066673041258147
2024-01-25,0.006460720139684055,0.11312802426549876
2024-01-26,-0.007920063530858138,0.10520796073464062
2024-01-29,-0.007877937177924215,0.0973300235567164
2024-01-30,-0.013330307659845088,0.0839997158968713
2024-01-31,-0.023085615321120256,0.06091410057575104
2024-02-01,0.00603445153478236,0.0669485521105334
2024-02-02,-0.024235034260474655,0.04271351785005874
2024-02-05,-0.024977734782626028,0.01773578306743271
2024-02-06,0.03143432881693349,0.0491701118843662
2024-02-07,0.00750153774720987,0.056671649631576074
2024-02-08,0.018951657005613763,0.07562330663718983
2024-02-19,-0.0040328288419265905,0.07159047779526324
2024-02-20,0.0004726007973245572,0.0720630785925878
2024-02-21,0.0008590325100465418,0.07292211110263434
2024-02-22,0.002034585725613089,0.07495669682824743
2024-02-23,0.00590744873663192,0.08086414556487935
2024-02-26,0.008045827444437825,0.08890997300931718
2024-02-27,0.00395323350215741,0.09286320651147459
2024-02-28,-0.0019648823595689343,0.09089832415190566
2024-02-29,0.002220694385312726,0.09311901853721838
2024-03-01,0.0021631403540423116,0.0952821588912607
2024-03-04,0.002838194568252712,0.0981203534595134
2024-03-05,-0.003976397861106001,0.09414395559840741
2024-03-06,0.0019920740410118297,0.09613602963941924
2024-03-07,-0.0007737097299743253,0.09536231990944491
2024-03-08,-0.003017505504310752,0.09234481440513416
2024-03-11,0.005539808313029522,0.09788462271816369
2024-03-12,0.0066472350986523515,0.10453185781681604
2024-03-13,0.0017062410557281006,0.10623809887254414
2024-03-14,-0.0031208126264555434,0.1031172862460886
2024-03-15,0.001921721378159759,0.10503900762424835
2024-03-18,0.000517746961462517,0.10555675458571087
2024-03-19,-0.0011600472747213535,0.10439670731098952
2024-03-20,-0.0016765647968714382,0.10272014251411808
2024-03-21,-0.002016978189828338,0.10070316432428975
2024-03-22,-0.005874471704195148,0.09482869262009459
2024-03-25,-0.0034042008512258685,0.09142449176886873
2024-03-26,-0.004951158860122056,0.08647333290874668
2024-03-27,-0.008836783379176715,0.07763654952956996
2024-03-28,0.004204096792756675,0.08184064632232663
2024-03-29,-0.003518490755606135,0.0783221555667205
2024-04-01,0.005422823129009799,0.08374497869573029
2024-04-02,-0.004475637051299226,0.07926934164443106
2024-04-03,-0.006999727769075108,0.07226961387535595
2024-04-08,-0.012814989650811414,0.05945462422454453
2024-04-09,0.012833277852307036,0.07228790207685157
2024-04-10,-0.014080175467515173,0.058207726609336395
2024-04-11,-0.003891951638012876,0.05431577497132352
2024-04-12,-0.0026055710664660728,0.05171020390485745
2024-04-15,-0.009066085309125277,0.042644118595732174
2024-04-16,-0.007738457964115022,0.03490566063161715
2024-04-17,0.009971868618945435,0.044877529250562584
2024-04-18,-0.004815656252269774,0.04006187299829281
2024-04-19,-0.011877392533224186,0.02818448046506862
2024-04-22,0.0064887247355312015,0.03467320520059982
2024-04-23,-0.0028569846464028825,0.03181622055419694
2024-04-24,-0.004441330091109261,0.027374890463087678
2024-04-25,-0.002212998383550963,0.025161892079536716
2024-04-26,0.01053198090687588,0.03569387298641259
2024-04-29,0.013557326053089673,0.049251199039502265
2024-04-30,-0.013436725367258363,0.0358144736722439
2024-05-06,0.0006369537806222271,0.03645142745286613
2024-05-07,-0.0015946720489497567,0.03485675540391637
2024-05-08,-0.0051893457621408345,0.029667409641775534
2024-05-09,0.004844411715298818,0.034511821357074354
2024-05-10,-0.004325924643496137,0.030185896713578218
2024-05-13,0.0004326248379146908,0.03061852155149291
2024-05-14,0.003321618965594856,0.03394014051708777
2024-05-15,-0.005354376897624599,0.02858576361946317
2024-05-16,-0.0031386690630676966,0.02544709455639547
2024-05-17,0.0039664149488054115,0.029413509505200882
2024-05-20,0.00228629432443563,0.03169980382963651
2024-05-21,-0.005285177252048911,0.0264146265775876
2024-05-22,0.010333769519158969,0.03674839609674657
2024-05-23,-0.004486259535843983,0.032262136560902585
2024-05-24,-1.5820657903366762e-05,0.03224631590299922
2024-05-27,0.0011658770387560865,0.033412192941755306
2024-05-28,-0.00286066433848327,0.030551528603272038
2024-05-29,0.0006386124703086414,0.03119014107358068
2024-05-30,0.0034726144858227698,0.03466275555940345
2024-05-31,0.002905952592493137,0.037568708151896585
2024-06-03,-0.00851173429808667,0.029056973853809915
2024-06-04,0.0016392224862010055,0.03069619634001092
2024-06-05,0.004261790173099934,0.034957986513110856
2024-06-06,-0.007008725732612329,0.027949260780498527
2024-06-07,-0.0007401340170280294,0.0272091267634705
2024-06-11,0.010227037199297734,0.037436163962768235
2024-06-12,0.0019659850534618634,0.0394021490162301
2024-06-13,-0.0003620838263976193,0.03904006518983248
2024-06-14,0.001196751635608983,0.04023681682544147
2024-06-17,0.002770244771485841,0.043007061596927305
2024-06-18,-0.004353660900892499,0.038653400696034804
2024-06-19,-0.0033247339217731906,0.035328666774261615
2024-06-20,-0.010239129695313345,0.02508953707894827
2024-06-21,0.0018138817923428997,0.02690341887129117
2024-06-24,-0.010345076929680631,0.016558341941610537
2024-06-25,-0.0008429609166143808,0.015715381024996155
2024-06-26,0.014704098754991998,0.030419479779988153
2024-06-27,-0.011047234858746403,0.01937224492124175
2024-06-28,-0.009116772881683945,0.010255472039557805
2024-07-01,0.004591791560134411,0.014847263599692215
2024-07-02,-0.009866942457119795,0.00498032114257242
2024-07-03,-0.001925697354780639,0.0030546237877917813
2024-07-04,-0.01361330012579732,-0.01055867633800554
2024-07-05,0.005747563198794623,-0.004811113139210917
2024-07-08,-0.017439026469141097,-0.022250139608352013
2024-07-09,0.00016060022093929336,-0.02208953938741272
2024-07-10,0.009216142176175744,-0.012873397211236974
2024-07-11,0.017711074040928095,0.0048376768296911205
2024-07-12,-0.002303535206509175,0.0025341416231819455
2024-07-15,-0.008920592107907629,-0.006386450484725683
2024-07-16,0.0015340699069352442,-0.004852380577790439
2024-07-17,0.007124855468096242,0.002272474890305803
2024-07-18,0.0014476135411658135,0.0037200884314716165
2024-07-19,0.004333705950077242,0.008053794381548858
2024-07-22,0.0045589296925568805,0.012612724074105738
2024-07-23,-0.0022194713173255354,0.010393252756780203
2024-07-24,-0.005705727286328633,0.00468752547045157
2024-07-25,0.009991701822550332,0.014679227293001902
2024-07-26,0.007068922527773375,0.021748149820775275
2024-07-29,-0.004766376904373065,0.01698177291640221
2024-07-30,0.0012370555974260172,0.018218828513828226
2024-07-31,0.0156864747480441,0.03390530326187233
2024-08-01,-0.008171914677703541,0.025733388584168786
2024-08-02,-0.00044755339371328415,0.0252858351904555
2024-08-05,0.0009533131973403145,0.026239148387795817
2024-08-06,0.010918380239401712,0.037157528627197525
2024-08-07,-0.0011162398794593497,0.036041288747738175
2024-08-08,0.002005761949802235,0.03804705069754041
2024-08-09,-0.0036072757400606704,0.03443977495747974
2024-08-12,-0.0017975936361387566,0.03264218132134098
2024-08-13,-0.000281796853463907,0.032360384467877076
2024-08-14,-0.005105796916483223,0.027254587551393854
2024-08-15,-0.0011636249246200177,0.026090962626773836
2024-08-16,-0.005349124074659137,0.0207418385521147
2024-08-19,-0.004607686763548832,0.016134151788565868
2024-08-20,-0.011019850675725548,0.00511430111284032
2024-08-21,-0.0019424651324967735,0.003171835980343547
2024-08-22,-0.01388147644953006,-0.010709640469186512
2024-08-23,-0.0048464247797472895,-0.015556065248933802
2024-08-26,0.0068092990863763535,-0.008746766162557448
2024-08-27,-0.008182800209100116,-0.016929566371657566
2024-08-28,0.010561675756012245,-0.0063678906156453205
2024-08-29,0.017344666135052957,0.010976775519407636
2024-08-30,0.010716228292919475,0.02169300381232711
2024-09-02,-0.016351154387880512,0.005341849424446599
2024-09-03,0.0084429805054363,0.013784829929882898
2024-09-04,-0.0008472192424675327,0.012937610687415366
2024-09-05,0.006096823670330962,0.01903443435774633
2024-09-06,-0.0058935519793709154,0.013140882378375414
2024-09-09,0.0033365264326053,0.016477408810980712
2024-09-10,0.0033227931087442247,0.01980020191972494
2024-09-11,0.0011659961301954866,0.020966198049920424
2024-09-12,-0.002436991322761254,0.01852920672715917
2024-09-13,-0.004839188260730304,0.013690018466428866
2024-09-18,-0.0016559368890956643,0.012034081577333202
2024-09-19,0.009716569194065742,0.021750650771398945
2024-09-20,-0.0031844407567331876,0.018566210014665758
2024-09-23,-0.0017343216487307367,0.01683188836593502
2024-09-24,0.0033410645274469797,0.020172952893382
2024-09-25,-0.001625248775987306,0.018547704117394696
2024-09-26,0.00817540152671552,0.026723105644110217
2024-09-27,0.02533106931095492,0.05205417495506513
2024-09-30,0.03187414743419156,0.0839283223892567
2024-10-08,0.03416575972176111,0.11809408211101781
2024-10-09,0.0018198566337596902,0.1199139387447775
2024-10-10,-0.019533832896057386,0.10038010584872012
2024-10-11,-0.013529039141580382,0.08685106670713974
2024-10-14,-0.0005941616864069071,0.08625690502073283
2024-10-15,0.001737516616693771,0.0879944216374266
2024-10-16,-0.006618392719272891,0.08137602891815371
2024-10-17,-5.985400776591557e-05,0.0813161749103878
2024-10-18,0.005762463337276556,0.08707863824766435
2024-10-21,0.01298503623712957,0.10006367448479392
2024-10-22,0.004848057901464879,0.1049117323862588
2024-10-23,0.01212275523865659,0.11703448762491539
2024-10-24,-0.004542412587167804,0.11249207503774758
2024-10-25,0.010961226414152536,0.12345330145190012
2024-10-28,0.005804139534165327,0.12925744098606545
2024-10-29,-0.0029674115033669103,0.12629002948269855
2024-10-30,-0.0012484487708494469,0.1250415807118491
2024-10-31,0.0025974302764037874,0.1276390109882529
2024-11-01,0.0027544578943764744,0.13039346888262937
2024-11-04,0.0029256242449036264,0.13331909312753298
2024-11-05,-0.0030997912710779858,0.130219301856455
2024-11-06,0.004375053599538695,0.13459435545599369
2024-11-07,-0.0025908121824850146,0.13200354327350866
2024-11-08,0.00678094255178348,0.13878448582529215
2024-11-11,0.012067199165328644,0.1508516849906208
2024-11-12,0.006987669270479363,0.15783935426110016
2024-11-13,0.0012274871293508135,0.15906684139045096
2024-11-14,0.006739393057377342,0.1658062344478283
2024-11-15,0.007864850106201438,0.17367108455402974
2024-11-18,0.0025890893413468177,0.17626017389537657
2024-11-19,0.001218926829207771,0.17747910072458434
2024-11-20,0.002411113350292672,0.17989021407487701
2024-11-21,-0.0033724858301915645,0.17651772824468545
2024-11-22,-0.005880343800110722,0.17063738444457474
2024-11-25,-0.0017797576104057829,0.16885762683416897
2024-11-26,-0.0015791962614682279,0.16727843057270073
2024-11-27,0.0027699669161289665,0.1700483974888297
2024-11-28,-0.00047472499910635466,0.16957367248972333
2024-11-29,0.004473517886631943,0.17404719037635527
2024-12-02,0.004499485555679052,0.17854667593203433
2024-12-03,-0.005444258784362124,0.17310241714767222
2024-12-04,-0.003978130859342974,0.16912428628832923
2024-12-05,0.0025873504955718565,0.17171163678390108
2024-12-06,0.005493013732692805,0.1772046505165939
2024-12-09,-0.002878833580275925,0.17432581693631796
2024-12-10,-0.000721275251248311,0.17360454168506964
2024-12-11,0.007948131223829848,0.18155267290889948
2024-12-12,-0.0014750054925548417,0.18007766741634465
2024-12-13,0.0017860652809228745,0.18186373269726752
2024-12-16,0.00019216259759822802,0.18205589529486574
2024-12-17,-0.002777833764469149,0.17927806153039658
2024-12-18,-0.0014057877701228517,0.17787227376027373
2024-12-19,0.0025956918471535828,0.1804679656074273
2024-12-20,0.001789737234145028,0.18225770284157233
2024-12-23,-0.0076863507193552245,0.1745713521222171
2024-12-24,0.0012055710937815282,0.17577692321599864
2024-12-25,-0.0036121187523020146,0.1721648044636966
2024-12-26,-0.0014192385540446489,0.17074556590965195
2024-12-27,0.0013986421369211488,0.1721442080465731
2024-12-30,-0.004221687395116596,0.1679225206514565
2024-12-31,-0.008951126663266544,0.15897139398818994
2025-01-02,0.00012147026962772508,0.15909286425781766
2025-01-03,-0.003157818700505812,0.15593504555731186
2025-01-06,0.002151335412968236,0.1580863809702801
2025-01-07,-0.0009770902856383093,0.1571092906846418
2025-01-08,-0.003069767139003012,0.1540395235456388
2025-01-09,0.002149442770114987,0.1561889663157538
2025-01-10,-0.005532303987217218,0.15065666232853658
2025-01-13,0.009414590622239063,0.16007125295077565
2025-01-14,0.007823555580695054,0.1678948085314707
2025-01-15,0.0019284203920198909,0.1698232289234906
2025-01-16,0.004381584046227989,0.1742048129697186
2025-01-17,0.0013585792207458155,0.1755633921904644
2025-01-20,-0.0007830261019027272,0.17478036608856168
2025-01-21,-0.003733565098115996,0.17104680099044567
2025-01-22,0.003556985789008245,0.1746037867794539
2025-01-23,0.0019946802537522484,0.17659846703320614
2025-01-24,0.0011306903714335755,0.1777291574046397
2025-01-27,0.0027267021762441435,0.18045585958088387
2025-02-05,0.00844747465133431,0.18890333423221817
2025-02-06,0.004680591272949344,0.1935839255051675
2025-02-07,-0.00038816353423411416,0.19319576197093338
2025-02-10,9.207719524298422e-05,0.19328783916617637
2025-02-11,-0.0035924108828642716,0.1896954282833121
2025-02-12,-0.0014444029600993572,0.18825102532321275
2025-02-13,0.007148640724264793,0.19539966604747755
2025-02-14,-0.004900389522401137,0.19049927652507642
2025-02-17,0.00044868861702926355,0.19094796514210569
2025-02-18,-0.005013075743456956,0.18593488939864872
2025-02-19,-0.00029022361154709805,0.18564466578710162
2025-02-20,-0.002442332788654529,0.1832023329984471
2025-02-21,-0.003811181315005292,0.1793911516834418
2025-02-24,0.007924906095288125,0.18731605777872992
2025-02-25,0.0002886246949108474,0.18760468247364076
2025-02-26,0.002504569089542072,0.19010925156318284
2025-02-27,-0.0028313972088265717,0.18727785435435626
2025-02-28,0.0006191796951570322,0.1878970340495133
2025-03-03,0.0007008378312742658,0.18859787188078755
2025-03-04,0.00858760657481955,0.1971854784556071
2025-03-05,-0.005094594531756246,0.19209088392385085
2025-03-06,0.003942549959269106,0.19603343388311995
2025-03-07,-0.007126518676642664,0.1889069152064773
2025-03-10,0.000911252683186442,0.18981816788966374
2025-03-11,0.0014759468373278482,0.1912941147269916
2025-03-12,0.00350269417920595,0.19479680890619755
2025-03-13,-0.0008768740846004055,0.19391993482159714
2025-03-14,-0.001430250137114462,0.1924896846844827
2025-03-17,0.0009097149708772097,0.1933993996553599
2025-03-18,-0.0014951325609734326,0.19190426709438646
2025-03-19,2.720925485135515e-05,0.19193147634923782
2025-03-20,0.003347756297325689,0.19527923264656352
2025-03-21,0.0020853922109797538,0.19736462485754327
2025-03-24,-0.0035371438946268084,0.19382748096291647
2025-03-25,6.097418427008388e-05,0.19388845514718656
2025-03-26,0.005199150283923055,0.19908760543110962
2025-03-27,0.0012459392791124505,0.20033354471022208
2025-03-28,-0.0023998639210186102,0.19793368078920348
2025-03-31,-0.0071550683204630585,0.19077861246874042
2025-04-01,0.000192342075641783,0.1909709545443822
2025-04-02,0.001548467357380422,0.19251942190176263
2025-04-03,-0.0030575691393570775,0.18946185276240557
2025-04-07,-0.024659262554763688,0.16480259020764187
2025-04-08,-0.008098642748997293,0.15670394745864458
2025-04-09,0.006546387352742615,0.1632503348113872
2025-04-10,0.006095406360561829,0.16934574117194903
2025-04-11,0.008600375589454909,0.17794611676140393
2025-04-14,-0.00037992167359912545,0.1775661950878048
2025-04-15,-0.00572701123345282,0.17183918385435198
2025-04-16,-0.008528012774179658,0.16331117108017232
2025-04-17,-0.000947726457014004,0.16236344462315833
2025-04-18,0.0030089956167778462,0.16537244023993616
2025-04-21,0.0071142466490970715,0.17248668688903324
2025-04-22,-0.005607142875221464,0.16687954401381178
2025-04-23,0.004052940304593223,0.170932484318405
2025-04-24,-0.006492892412807814,0.16443959190559718
2025-04-25,0.0007928867233656533,0.16523247862896284
2025-04-28,-0.0020498698712881707,0.16318260875767468
2025-04-29,-0.0026241854773524195,0.16055842328032227
2025-04-30,0.006898320564230799,0.16745674384455306
2025-05-06,0.004493064179046839,0.1719498080235999
2025-05-07,-0.001248876340993758,0.17070093168260614
2025-05-08,-0.001427572555406404,0.16927335912719974
2025-05-09,-0.004293325136307903,0.16498003399089184
2025-05-12,-0.0028657611703684213,0.16211427282052343
2025-05-13,0.0021425181416160457,0.16425679096213947
2025-05-14,-0.0026341117319994365,0.16162267923014004
2025-05-15,-0.0009571461844844788,0.16066553304565556
2025-05-16,0.0005697842206747972,0.16123531726633036
2025-05-19,0.002363797390964508,0.16359911465729488
2025-05-20,-0.0017935055717284792,0.1618056090855664
2025-05-21,-0.0033620277571464337,0.15844358132841996
2025-05-22,-0.0006616816036570118,0.15778189972476295
2025-05-23,0.0007785878992236809,0.15856048762398664
2025-05-26,0.005131240830714793,0.16369172845470142
2025-05-27,-0.0004745647198852457,0.16321716373481618
2025-05-28,-0.0023268166378818595,0.1608903470969343
2025-05-29,0.008076036010164475,0.16896638310709877
2025-05-30,-0.0031678867886320307,0.16579849631846674
2025-06-03,-0.0016426035793562902,0.16415589273911046
2025-06-04,0.0021152429897313644,0.16627113572884183
2025-06-05,0.0012941826289641347,0.16756531835780597
2025-06-06,0.0012977138803570497,0.168863032238163
2025-06-09,0.003596351366924646,0.17245938360508767
2025-06-10,-0.0019990976791886285,0.17046028592589904
2025-06-11,-0.0002986267884812025,0.17016165913741785
2025-06-12,7.288429169674445e-05,0.1702345434291146
2025-06-13,-0.0001009169043327215,0.17013362652478187
2025-06-16,-0.003162906034202081,0.1669707204905798
2025-06-17,0.0028228951324313556,0.16979361562301115
2025-06-18,-0.0022891675712230237,0.16750444805178813
2025-06-19,-0.0012468543101617022,0.16625759374162644
2025-06-20,-0.0038575052475883997,0.16240008849403803
2025-06-23,-0.0034797279439561448,0.15892036055008188
2025-06-24,0.008539324214759473,0.16745968476484135
2025-06-25,0.002472722223875428,0.16993240698871678
2025-06-26,-0.002732103712706076,0.1672003032760107
2025-06-27,0.008137763642465379,0.1753380669184761
2025-06-30,0.004527069289145544,0.17986513620762162
2025-07-01,-0.004563777095661121,0.17530135911196051
2025-07-02,0.004336775167396209,0.1796381342793567
2025-07-03,-0.0025179286874227654,0.17712020559193395
2025-07-04,-0.004601261868565165,0.1725189437233688
2025-07-07,0.0033840413603047786,0.17590298508367358
2025-07-08,0.0037346083786577115,0.1796375934623313
2025-07-09,0.0003641343780893588,0.18000172784042065
2025-07-10,-0.0007226495105641974,0.17927907832985646
2025-07-11,0.00342058995178917,0.18269966828164563
2025-07-14,-0.0003172295063847608,0.18238243877526086
2025-07-15,-0.0018056939288935943,0.18057674484636727
2025-07-16,0.0008732295519302299,0.1814499743982975
2025-07-17,-0.0028920651859378507,0.17855790921235964
2025-07-18,0.0007783188348477418,0.1793362280472074
2025-07-21,0.009548624129961806,0.1888848521771692
2025-07-22,0.006356648571591747,0.19524150074876093
2025-07-23,0.001111039218687927,0.19635253996744886
2025-07-24,0.004814596087419738,0.2011671360548686
2025-07-25,-0.0032191444707981064,0.1979479915840705
2025-07-28,-0.0023635094670996426,0.19558448211697085
2025-07-29,-0.004406478957260429,0.19117800315971042
2025-07-30,0.002843105316302364,0.19402110847601278
2025-07-31,-0.001705567313788753,0.19231554116222402
2025-08-01,0.0047009504716378735,0.1970164916338619
2025-08-04,-0.0006601693849612464,0.19635632224890065
2025-08-05,-0.0024750132030019268,0.19388130904589873
2025-08-06,0.005140730326928318,0.19902203937282706
2025-08-07,0.002718233242224111,0.20174027261505117
2025-08-08,0.0014728793947589034,0.20321315200981008
2025-08-11,0.005650255604438282,0.20886340761424835
2025-08-12,-0.004428659657172775,0.20443474795707559
2025-08-13,-0.0037219889313912374,0.20071275902568436
2025-08-14,-0.007137787872719369,0.193574971152965
2025-08-15,0.006951977560006241,0.20052694871297122
2025-08-18,0.00025517208498895697,0.20078212079796018
2025-08-19,0.000528145329450292,0.20131026612741046
2025-08-20,0.001842472189369344,0.2031527383167798
2025-08-21,0.0018158807267467396,0.20496861904352653
2025-08-22,-0.014378131024203114,0.19059048801932343
2025-08-25,-0.005977786815699828,0.1846127012036236
2025-08-26,0.008035725088186448,0.19264842629181006
2025-08-27,-0.004561130271190487,0.18808729602061958
2025-08-28,-0.010231217610874685,0.17785607840974488
2025-08-29,-0.010999138609558486,0.1668569398001864
2025-09-01,-0.005922037256802998,0.1609349025433834
2025-09-02,0.004137825440518747,0.16507272798390216
2025-09-03,0.0002810193796271146,0.16535374736352926
2025-09-04,0.013636750260761991,0.17899049762429126
2025-09-05,-0.007222018911232635,0.17176847871305861
2025-09-08,0.009414401262770567,0.1811828799758292
2025-09-09,0.0008113497098921503,0.18199422968572135
2025-09-10,-0.004680664821169615,0.17731356486455174
2025-09-11,-0.004502785039765088,0.17281077982478665
2025-09-12,0.0022883332732358324,0.17509911309802248
2025-09-15,0.0026348314929613187,0.1777339445909838
2025-09-16,-0.0019183670617804957,0.1758155775292033
2025-09-17,-0.0030002969052667573,0.17281528062393653
2025-09-18,0.002611342268991641,0.17542662289292818
2025-09-19,-0.0002448225112533999,0.17518180038167477
2025-09-22,-0.00870148489562459,0.1664803154860502
2025-09-23,-0.0038283398029837178,0.16265197568306647
2025-09-24,-0.004665912316626108,0.15798606336644036
2025-09-25,-0.0061571487558082574,0.1518289146106321
2025-09-26,0.008832947428910727,0.16066186203954283
2025-09-29,-0.005852204673469864,0.15480965736607297
2025-09-30,-0.0020822463992245994,0.15272741096684836
2025-10-09,0.006033629425793559,0.1587610403926419
2025-10-10,0.020189536382247058,0.17895057677488896
2025-10-13,0.0014532506575125454,0.1804038274324015
2025-10-14,0.01683736975715778,0.19724119718955926
2025-10-15,-0.008042157776715898,0.18919903941284336
2025-10-16,-0.0020340003870244275,0.18716503902581894
2025-10-17,0.003567651100197688,0.19073269012601662
2025-10-20,-0.0031825543778807785,0.18755013574813584
2025-10-21,-0.004957467681271289,0.18259266806686456
2025-10-22,0.0010980546709636106,0.18369072273782816
2025-10-23,-0.0006455645499790313,0.18304515818784914
2025-10-24,-0.00825866327475373,0.17478649491309542
2025-10-27,-0.004077174497330871,0.17070932041576456
2025-10-28,-0.00029104770717454213,0.17041827270859003
2025-10-29,-0.0011122513807212497,0.1693060213278688
2025-10-30,0.004256260793115432,0.17356228212098423
2025-10-31,0.012107094108017052,0.1856693762290013
2025-11-03,-0.0017691217459541537,0.18390025448304714
2025-11-04,-0.00025978901141256324,0.18364046547163457
2025-11-05,-0.0021622817284005238,0.18147818374323405
2025-11-06,-0.0014795269943587688,0.17999865674887527
2025-11-07,-0.00018743648273882084,0.17981122026613644
2025-11-10,0.002801878544034059,0.1826130988101705
2025-11-11,0.00010642979429127198,0.18271952860446175
2025-11-12,-0.004610828724650077,0.17810869987981168
2025-11-13,-0.004110884643011906,0.17399781523679977
2025-11-14,0.0020755515363016707,0.17607336677310145
2025-11-17,0.002375320203816748,0.1784486869769182
2025-11-18,0.005922077568324181,0.1843707645452424
2025-11-19,-0.006943823321539764,0.17742694122370264
2025-11-20,-0.0002052757005103001,0.17722166552319235
2025-11-21,0.006975766909714725,0.18419743243290707
2025-11-24,0.003983588151405876,0.18818102058431294
2025-11-25,-0.0033551861546360206,0.18482583442967693
2025-11-26,-0.004206632390621511,0.1806192020390554
2025-11-27,-7.024369281935413e-05,0.18054895834623605
2025-11-28,0.0024698471064228157,0.18301880545265886
2025-12-01,0.001638207832817238,0.1846570132854761
2025-12-02,-0.001631318976855111,0.18302569430862098
2025-12-03,0.00044862156077241414,0.1834743158693934
2025-12-04,-0.003120443876464964,0.18035387199292843
2025-12-05,0.0014019969129257384,0.18175586890585418
2025-12-08,-0.004500415659699735,0.17725545324615444
2025-12-09,-0.005434324698624232,0.1718211285475302
2025-12-10,0.006323823200272057,0.17814495174780226
2025-12-11,-0.0016188432759178082,0.17652610847188446
2025-12-12,-0.0001431834654005901,0.17638292500648386
2025-12-15,0.0035594914941274973,0.17994241650061135
2025-12-16,0.004427716933016337,0.18437013343362768
2025-12-17,-0.003460819925668516,0.18090931350795916
2025-12-18,0.005576892423010567,0.18648620593096973
2025-12-19,0.001738355912588594,0.18822456184355832
2025-12-22,-0.0022659021416920684,0.18595865970186626
2025-12-23,0.0010399716845615273,0.18699863138642778
2025-12-24,0.0018259888094660321,0.1888246201958938
2025-12-25,0.0012076710669327595,0.19003229126282656
2025-12-26,-0.002111670827010784,0.18792062043581578
